shared_id,original_statement,it_cleft_statement
nl_1,Organizers of events should be able to request a vaccination certificate upon entry.,It is a vaccination certificate that organizers of events should be able to request upon entry.
nl_2,The Netherlands should spend more money on defense.,It is more money on defense that the Netherlands should spend.
nl_3,Childcare should be free for all parents for at least three days a week.,It is for all parents that childcare should be free for at least three days a week.
nl_4,The Netherlands should exit the European Union (EU).,It is the European Union (EU) that the Netherlands should exit.
nl_5,"Instead of the tax on car ownership, there should be a tax per kilometer driven for motorists.",It is a tax per kilometer driven for motorists that there should be instead of the tax on car ownership.
nl_6,"During the upcoming New Year's Eve, it should be allowed to set off decorative fireworks again.",It is decorative fireworks that it should be allowed to set off again during the upcoming New Year's Eve.
nl_7,There should be an additional tax on purchasing meat.,It is an additional tax on purchasing meat that there should be.
nl_8,Less funding should go to public broadcasting.,It is public broadcasting that less funding should go to.
nl_9,"Instead of the existing health insurance companies, there should be a national healthcare fund for everyone.",It is a national healthcare fund for everyone that there should be instead of the existing health insurance companies.
nl_11,"The national government, rather than provinces and municipalities, should decide where new residential areas are built.","It is where new residential areas are built that the national government, rather than provinces and municipalities, should decide."
nl_12,The government should reduce the VAT on cultural activities to 5 percent.,It is the VAT on cultural activities that the government should reduce to 5 percent.
nl_13,The Netherlands should build a new nuclear power plant.,It is a new nuclear power plant that the Netherlands should build.
nl_15,"Households with two partners, one of whom works, should receive the same tax benefits as households with two working partners.","It is the same tax benefits as households with two working partners that households with two partners, one of whom works, should receive."
nl_16,The Dutch government should apologize for the historical slave trade.,It is the historical slave trade that the Dutch government should apologize for.
nl_17,Citizens should have the opportunity to block laws passed by parliament through a referendum.,It is the opportunity to block laws passed by parliament through a referendum that citizens should have.
nl_19,There should be fewer options for community service sentences instead of prison sentences.,It is fewer options for community service sentences instead of prison sentences that there should be.
nl_21,Asylum seekers with a temporary residence permit should complete integration before getting a rental home.,It is integration that asylum seekers with a temporary residence permit should complete before getting a rental home.
nl_22,Both the purchase and sale of soft drugs by coffee shops should be legalized.,It is both the purchase and sale of soft drugs by coffee shops that should be legalized.
nl_23,The government should make Dutch-language education more frequently mandatory at universities and colleges.,It is Dutch-language education that the government should make more frequently mandatory at universities and colleges.
nl_24,People who consider their lives complete should be able to receive assistance with suicide.,It is assistance with suicide that people who consider their lives complete should be able to receive.
nl_26,New residential areas should consist of at least 40 percent green space.,It is at least 40 percent green space that new residential areas should consist of.
nl_27,There should be no new restrictions on the activities of farming businesses.,It is no new restrictions on the activities of farming businesses that there should be.
nl_28,"A middle school should be established so that students make a choice between vocational education, general secondary education, or pre-university education at a later age.","It is a middle school that should be established so that students make a choice between vocational education, general secondary education, or pre-university education at a later age."
nl_29,The Netherlands should accept more refugees than it currently does.,It is more refugees than it currently does that the Netherlands should accept.
es_1,Limiting rights and freedoms is necessary to combat organized crime.,It is organized crime that limiting rights and freedoms is necessary to combat.
es_2,The growth of Islam is a threat to Spain's security.,It is Spain's security that the growth of Islam is a threat to.
es_3,Current gender policies are biased against men.,It is men that current gender policies are biased against.
es_4,The efficiency of public services improves when they are privatized.,It is the efficiency of public services that improves when they are privatized.
es_5,It should be easier for companies to fire workers.,It is workers that it should be easier for companies to fire.
es_6,The state should take measures to redistribute wealth from the rich to the poor.,It is measures that the state should take to redistribute wealth from the rich to the poor.
es_7,"The government must increase spending on public health care, even if this means increasing taxes.","It is spending on public health care that the government must increase, even if this means increasing taxes."
es_8,A permanent tax on large fortunes and assets is necessary.,It is a permanent tax on large fortunes and assets that is necessary.
es_9,The working day should be reduced without reducing workers' wages.,It is the working day that should be reduced without reducing workers' wages.
es_10,Governments should intervene as little as possible in the economy.,It is the economy that governments should intervene as little as possible in.
es_11,Taxes on fossil fuels must be raised to finance the Green Transition.,It is the Green Transition that taxes on fossil fuels must be raised to finance.
es_12,Climate change is solely attributable to human action.,It is human action that climate change is solely attributable to.
es_14,To better defend Spain's interests in Europe we must recover more sovereignty.,It is more sovereignty that we must recover to better defend Spain's interests in Europe.
es_15,Spanish government should promote the strengthening of NATO in Europe.,It is the strengthening of NATO in Europe that the Spanish government should promote.
es_16,The best way to solve the conflict in Catalonia is for its citizens to be able to vote on their future in a referendum.,It is for its citizens to be able to vote on their future in a referendum that the best way to solve the conflict in Catalonia is.
es_17,Negotiating with pro-independence supporters weakens the State.,It is the State that negotiating with pro-independence supporters weakens.
es_18,Spain's territorial decentralization must be deepened.,It is Spain's territorial decentralization that must be deepened.
es_19,The right to self-determination must be recognized by the Constitution.,It is the right to self-determination that must be recognized by the Constitution.
es_20,The policies of linguistic immersion in the native language of bilingual Autonomous Communities endanger Spanish.,It is Spanish that the policies of linguistic immersion in the native language of bilingual Autonomous Communities endanger.
es_21,It is necessary to repeal the Law of Democratic Memory passed during this legislature.,It is the Law of Democratic Memory passed during this legislature that it is necessary to repeal.
es_23,Immigrants should pay for their own health services.,It is immigrants' own health services that immigrants should pay for.
es_24,Housing prices must be regulated to ensure access for all people.,It is access for all people that housing prices must be regulated to ensure.
de_2,Germany is to increase its defense spending.,It is German defense spending that Germany is to increase.
de_3,Young people over the age of 16 are to be allowed to vote in Bundestag elections.,It is Bundestag elections that Young people over the age of 16 are to be allowed to vote in.
de_4,Subsidies for wind energy are to be ended.,It is subsidies for wind energy that are to be ended.
de_5,The ability of landlords to increase housing rents is to be more strictly limited by law.,It is the ability of landlords to increase housing rents that is to be more strictly limited by law.
de_6,Covid-19 vaccines are to continue to be protected by patents.,It is Covid-19 vaccines that are to continue to be protected by patents.
de_7,The phase-out of coal-fired power generation planned for 2038 is to be brought forward.,It is the phase-out of coal-fired power generation planned for 2038 that is to be brought forward.
de_8,All employed persons are to be required to be insured in the statutory pension scheme.,It is the statutory pension scheme that all employed persons are to be required to be insured in.
de_9,The right of recognized refugees to join their families is to be abolished.,It is the right of recognized refugees to join their families that is to be abolished.
de_11,"The traditional family of father, mother and children is to be promoted more strongly than other living arrangements.","It is the traditional family of father, mother and children that is to be promoted more strongly than other living arrangements."
de_13,Students should receive BAföG regardless of their parents' income.,It is BAföG that students should receive regardless of their parents' income.
de_14,"In Germany, it should generally be possible to have a second citizenship in addition to the German one.",It is a second citizenship in addition to the German one that it should generally be possible to have in Germany.
de_16,"The Nord Stream 2 Baltic Sea pipeline, which transports gas from Russia to Germany, is to be allowed to go into operation as planned.","It is the Nord Stream 2 Baltic Sea pipeline, which transports gas from Russia to Germany that is to be allowed to go into operation as planned."
de_18,Female civil servants are to be allowed to wear headscarves while on duty.,It is headscarves that female civil servants are to be allowed to wear while on duty.
de_21,The federal government is to provide more financial support for projects to combat anti-Semitism.,It is more financial support for projects to combat anti-Semitism that the federal government is to provide.
de_23,The state should continue to collect church tax for religious communities.,It is church tax that the state should continue to collect for religious communities.
de_24,The controlled sale of cannabis is to be generally permitted.,It is the controlled sale of cannabis that is to be generally permitted.
de_25,Germany is to leave the European Union.,It is the European Union that Germany is to leave.
de_26,The state lists of the parties for the elections to the German Bundestag are to have to be filled alternately by women and men.,It is the state lists of the parties for the elections to the German Bundestag that are to have to be filled alternately by women and men.
de_27,Inpatient treatment in hospitals is to continue to be charged on the basis of a flat rate per case.,It is inpatient treatment in hospitals that is to continue to be charged on the basis of a flat rate per case.
de_31,Organic agriculture should be promoted more strongly than conventional agriculture.,It is organic agriculture that should be promoted more strongly than conventional agriculture.
de_32,Islamic associations are to be able to be recognized by the state as religious communities.,It is Islamic associations that are to be able to be recognized by the state as religious communities.
de_34,The debt brake in the Basic Law is to be retained.,It is the debt brake in the Basic Law that is to be retained.
de_35,Asylum is to continue to be granted only to politically persecuted persons.,It is politically persecuted persons that asylum is to continue to be granted only to.
de_36,The statutory minimum wage is to be increased to at least 12 euros by 2022 at the latest.,It is the statutory minimum wage that is to be increased to at least 12 euros by 2022 at the latest.
pl_1,The European Union should have less influence on Polish domestic policy.,It is Polish domestic policy that the European Union should have less influence on.
pl_2,Social transfers should be increased to reduce the effects of inflation on citizens.,It is the effects of inflation on citizens that social transfers should be increased to reduce.
pl_3,The state should finance private visits to specialists if the waiting time at a public facility exceeds three months.,It is private visits to specialists that the state should finance if the waiting time at a public facility exceeds three months.
pl_4,The state should provide a free nursery place for every child.,It is a free nursery place that the state should provide for every child.
pl_5,Schools should have more freedom to choose the content covered in the curriculum.,It is the content covered in the curriculum that schools should have more freedom to choose.
pl_6,The state should build low-rent apartments for rent.,It is low-rent apartments that the state should build for rent.
pl_7,Taxes should be increased for top earners.,It is top earners that taxes should be increased for.
pl_8,"Early retirement should be introduced for those who have worked a certain number of years, regardless of their age.","It is early retirement that should be introduced for those who have worked a certain number of years, regardless of their age."
pl_9,Abortion laws should be liberalized.,It is abortion laws that should be liberalized.
pl_11,The result of any nationwide referendum should be binding regardless of turnout.,It is regardless of turnout that the result of any nationwide referendum should be binding.
pl_12,Poland should adopt the migrant relocation solutions adopted by the European Union.,It is the migrant relocation solutions adopted by the European Union that Poland should adopt.
pl_13,The independence of the judiciary from parliament and the government should be strengthened.,It is the independence of the judiciary from parliament and the government that should be strengthened.
pl_15,The powers of local governments should be increased at the expense of the central government.,It is the powers of local governments that should be increased at the expense of the central government.
pl_16,Poland should move away from coal mining no later than 2040.,It is coal mining that Poland should move away from no later than 2040.
pl_17,Poland should have grain imports from Ukraine blocked.,It is grain imports from Ukraine that Poland should have blocked.
pl_18,Christian values should be the basis of state social policy.,It is state social policy that Christian values should be the basis of.
pl_19,Public media funding from the state budget should be limited.,It is public media funding from the state budget that should be limited.
pl_20,The powers of the secret services to track the activities of citizens on the Internet should be limited.,It is the powers of the secret services to track the activities of citizens on the Internet that should be limited.
hu_1,The EU's rule of law mechanism threatens Hungary's sovereignty.,It is Hungary's sovereignty that the EU's rule of law mechanism threatens.
hu_2,Hungarian foreign policy should be guided solely by Hungarian economic interests.,It is Hungarian economic interests that Hungarian foreign policy should be guided solely by.
hu_5,Stronger state regulation of the work of NGOs supported by foreign organisations is needed.,It is stronger state regulation of the work of NGOs supported by foreign organisations that is needed.
hu_7,Stricter regulation of interception software (e.g. Pegasus) is needed (e.g. subject to judicial authorisation).,It is stricter regulation of interception software (e.g. Pegasus) that is needed (e.g. subject to judicial authorisation).
hu_8,Disclosure of the origin of criminals is needed for more effective law enforcement.,It is more effective law enforcement that disclosure of the origin of criminals is needed for.
hu_10,Education spending should be increased to at least the OECD average of 5.2 per cent (GDP).,It is at least the OECD average of 5.2 per cent (GDP) that education spending should be increased to.
hu_11,Teachers' salaries should be doubled.,It is Teachers' salaries that should be doubled.
hu_12,Political influence has been reduced by changing the university model (reorganisation into a trust).,It is political influence that has been reduced by changing the university model (reorganisation into a trust).
hu_13,Only men and women should be allowed to marry.,It is only men and women that should be allowed to marry.
hu_15,The state should take targeted measures to promote equal participation of fathers and mothers in child-rearing.,It is targeted measures that the state should take to promote equal participation of fathers and mothers in child-rearing.
hu_16,"The Hungarian government should ratify the Istanbul Convention, which combats violence against women and domestic violence.",It is the Istanbul Convention which combats violence against women and domestic violence that the Hungarian government should ratify.
hu_17,One effective way to reduce rents is to conclude favourable gas supply contracts with Russia.,It is favourable gas supply contracts with Russia that one effective way to reduce rents is to conclude.
hu_18,Comprehensive public procurement reform is needed (e.g. opening up large-scale centralised public procurement to smaller firms).,It is comprehensive public procurement reform that is needed (e.g. opening up large-scale centralised public procurement to smaller firms).
hu_20,Public employment helps people re-enter the labour market.,It is the labour market that public employment helps people re-enter.
hu_22,State regulation of the rental housing market is not necessary.,It is state regulation of the rental housing market that is not necessary.
hu_23,The current three-month unemployment benefit should be extended.,It is the current three-month unemployment benefit that should be extended.
hu_24,A family tax credit is a better way to support families than increasing the family allowance.,It is a family tax credit that is a better way to support families than increasing the family allowance.
hu_28,The use of medical cannabis should be legalised in Hungary.,It is in Hungary that the use of medical cannabis should be legalised.
hu_29,An independent Ministry of Health should be established.,It is an independent Ministry of Health that should be established.
hu_30,The President of the Hungarian Republic should be directly elected.,It is the President of the Hungarian Republic that should be directly elected.
hu_31,"Comprehensive reform of the electoral system (redrawing of district boundaries, abolition of winner-take-all compensation, extension of postal voting) is needed.","It is comprehensive reform of the electoral system (redrawing of district boundaries, abolition of winner-take-all compensation, extension of postal voting) that is needed."
hu_32,A legal framework for primary elections should be provided.,It is a legal framework for primary elections that should be provided.
hu_33,Voting age for elections should be 16.,It is voting age for elections that should be 16.
hu_34,Internet access should be free for all.,It is internet access that should be free for all.
hu_36,Polluting companies should be taxed more heavily.,It is polluting companies that should be taxed more heavily.
hu_37,"In larger cities, car traffic should be limited through various measures (P+R parking, construction of cycle paths, improvement of public transport).","It is car traffic that should be limited through various measures (P+R parking, construction of cycle paths, improvement of public transport) in larger cities."
hu_38,The redevelopment of urban green spaces (e.g. the Liget project in Budapest) needs a broad social dialogue.,It is a broad social dialogue that the redevelopment of urban green spaces (e.g. the Liget project in Budapest) needs.
hu_39,An independent ministry for the environment is needed.,It is an independent ministry for the environment that is needed.
hu_40,An animal rights commissioner should be introduced.,It is an animal rights commissioner that should be introduced.
it_1,European integration is all in all a positive process.,It is European integration that is all in all a positive process.
it_3,The European Union should have a common foreign policy.,It is a common foreign policy that the European Union should have.
it_4,There should be a common European army.,It is a common European army that there should be.
it_7,"Migrant landings must be stopped, even by extreme means.","It is Migrant landings that must be stopped, even by extreme means."
it_8,"Children, born in Italy to foreign citizens and who have completed schooling should be granted Italian citizenship (ius scholae).","It is Italian citizenship (ius scholae) that children, born in Italy to foreign citizens and who have completed schooling, should be granted."
it_9,"More civil rights should be granted to homosexual, bisexual, transgender (LGBT+) people.","It is homosexual, bisexual, transgender (LGBT+) people that more civil rights should be granted to."
it_10,Citizens should be guaranteed freedom of choice in end-of-life matters (euthanasia).,It is freedom of choice in end-of-life matters (euthanasia) that citizens should be guaranteed.
it_11,Recreational use of marijuana/cannabis should be allowed.,It is recreational use of marijuana/cannabis that should be allowed.
it_12,A law is needed to prevent companies from relocating their production abroad.,It is companies that a law is needed to prevent their production from being relocated abroad.
it_13,A heritage tax one's wealth should be introduced.,It is a heritage tax one's wealth that should be introduced.
it_14,Businesses should be able to fire employees more easily.,It is employees that businesses should be able to fire more easily.
it_15,Health care should be managed only by the state and not by private individuals.,It is health care that should be managed only by the state and not by private individuals.
it_16,"The introduction of a single income tax rate (""flat tax"") would benefit the Italian economy.","It is the Italian economy that the introduction of a single income tax rate (""flat tax"") would benefit."
it_17,An hourly minimum wage should be introduced.,It is an hourly minimum wage that should be introduced.
it_18,The citizenship allowance is a measure that should be cancelled.,It is the citizenship allowance that is a measure that should be cancelled.
it_19,Beach concessions to private individuals should be time-limited.,It is beach concessions to private individuals that should be time-limited.
it_20,The use of nuclear power plants for the purpose of producing energy should be promoted.,It is the use of nuclear power plants for the purpose of producing energy that should be promoted.
it_21,The construction of Major Works is a priority for Italy.,It is the construction of Major Works that is a priority for Italy.
it_22,Italy should build more incinerators/thermal power plants.,It is more incinerators/thermal power plants that Italy should build.
it_24,Regasifiers are necessary infrastructure for Italy.,It is regasifiers that are necessary infrastructure for Italy.
it_25,Italy should keep its foreign policy aligned with the choices of the Atlantic Alliance (NATO).,It is its foreign policy that Italy should keep aligned with the choices of the Atlantic Alliance (NATO).
it_26,Sanctions against Russia should be tougher.,It is sanctions against Russia that should be tougher.
it_27,Italy should stop sending arms and war material to the Ukrainian government.,It is arms and war material that Italy should stop sending to the Ukrainian government.
it_28,Taxes collected at the regional level should be fully retained in the region itself.,It is in the region itself that taxes collected at the regional level should be fully retained.
it_29,Separation of careers between judges and prosecutors should be introduced.,It is separation of careers between judges and prosecutors that should be introduced.
it_30,Direct election of the President of the Republic should be introduced.,It is direct election of the President of the Republic that should be introduced.
ch_18,There should be an increase in the retirement age.,It is the retirement age that there should be an increase in.
ch_19,The federal government should allocate more funding for health insurance premium subsidies.,It is more funding that the federal government should allocate for health insurance premium subsidies.
ch_20,"For married couples, the pension is currently limited to 150% of the maximum individual AHV pension (capping). This limit should be eliminated.",It is to 150% of the maximum individual AHV pension (capping) that the pension is currently limited for married couples. It is this limit that should be eliminated.
ch_21,"As part of the reform of the BVG (occupational pension plan), pensions are to be reduced (lowering the minimum conversion rate from 6.8% to 6%).",It is pensions that are to be reduced (lowering the minimum conversion rate from 6.8% to 6%) as part of the reform of the BVG (occupational pension plan).
ch_22,Paid parental leave should be increased beyond today's 14 weeks of maternity leave and two weeks of paternity leave.,It is today's 14 weeks of maternity leave and two weeks of paternity leave that paid parental leave should be increased beyond.
ch_23,The federal government should provide more financial support for public housing construction.,It is more financial support that the federal government should provide for public housing construction.
ch_24,Compulsory vaccination of children should be introduced based on the Swiss vaccination plan.,It is compulsory vaccination of children that should be introduced based on the Swiss vaccination plan.
ch_25,There should be an introduction of a tax on foods containing sugar (sugar tax).,It is foods containing sugar that there should be an introduction of a tax on (sugar tax).
ch_26,"Insured persons should contribute more to health care costs (e.g., increase the minimum deductible).","It is health care costs that insured persons should contribute more to (e.g., increase the minimum deductible)."
ch_27,The Federal Council's ability to restrict private and economic life in the event of a pandemic should be more limited.,It is the Federal Council's ability to restrict private and economic life in the event of a pandemic that should be more limited.
ch_29,"According to the Swiss integrated schooling concept, children with learning difficulties or disabilities should be taught in regular classes.",It is children with learning difficulties or disabilities that should be taught in regular classes according to the Swiss integrated schooling concept.
ch_30,The federal government should raise the requirements for the high school.,It is the requirements for the high school that the federal government should raise.
ch_31,"The state should be more committed to equal educational opportunities (e.g., through subsidized remedial courses for students from low-income families).","It is equal educational opportunities that the state should be more committed to (e.g., through subsidized remedial courses for students from low-income families)."
ch_32,"The conditions for naturalization should be relaxed (e.g., shorter residence period).","It is the conditions for naturalization that should be relaxed (e.g., shorter residence period)."
ch_33,More qualified workers from non-EU/EFTA countries should be allowed to work in Switzerland (increase third-country quota).,It is more qualified workers from non-EU/EFTA countries that should be allowed to work in Switzerland (increase third-country quota).
ch_35,Foreign nationals who have lived in Switzerland for at least ten years should be granted the right to vote and stand for election at the municipal level.,It is the right to vote and stand for election at the municipal level that foreign nationals who have lived in Switzerland for at least ten years should be granted.
ch_36,Cannabis use should be legalized.,It is cannabis use that should be legalized.
ch_37,Doctors should be allowed to administer direct active euthanasia.,It is direct active euthanasia that doctors should be allowed to administer.
ch_38,"A third official gender should be introduced alongside ""female"" and ""male"".",It is a third official gender that should be introduced alongside 'female' and 'male'.
ch_39,Same-sex couples should have the same rights as heterosexual couples in all areas.,It is the same rights as heterosexual couples in all areas that same-sex couples should have.
ch_43,The differences between cantons with high and low financial capacity should be further reduced through fiscal equalization.,It is the differences between cantons with high and low financial capacity that should be further reduced through fiscal equalization.
ch_44,"A minimum wage of CHF 4,000 for all full-time employees should be introduced.","It is a minimum wage of CHF 4,000 for all full-time employees that should be introduced."
ch_45,"There should be stricter regulations for the financial sector (e.g., stricter capital requirements for banks, ban on bonuses).","It is stricter regulations that there should be for the financial sector (e.g., stricter capital requirements for banks, ban on bonuses)."
ch_46,Private households should be free to choose their electricity supplier (complete liberalization of the electricity market).,It is their electricity supplier that private households should be free to choose (complete liberalization of the electricity market).
ch_49,Busy sections of highways should be widened.,It is busy sections of highways that should be widened.
ch_50,Switzerland should ban the registration of new passenger cars with internal combustion engines starting in 2035.,It is the registration of new passenger cars with internal combustion engines that Switzerland should ban starting in 2035.
ch_53,The construction of new nuclear power plants should be allowed again.,It is the construction of new nuclear power plants that should be allowed again.
ch_54,The state should guarantee a comprehensive public service offering also in rural regions.,It is a comprehensive public service offering also in rural regions that the state should guarantee.
ch_55,Increasing electricity tariffs when consumption is higher (progressive electricity tariffs) should be introduced.,It is increasing electricity tariffs when consumption is higher (progressive electricity tariffs) that should be introduced.
ch_56,"The protection regulations for large predators (lynx, wolf, bear) should be relaxed.","It is the protection regulations for large predators (lynx, wolf, bear) that should be relaxed."
ch_57,Direct payments should only be granted to farmers with proof of ecological performance.,It is farmers with proof of ecological performance that direct payments should only be granted to.
ch_58,There should be stricter animal welfare regulations for livestock (e.g. permanent access to outdoor areas).,It is stricter animal welfare regulations that there should be for livestock (e.g. permanent access to outdoor areas).
ch_59,30% of Switzerland's land area should be dedicated to preserving biodiversity?.,It is preserving biodiversity that 30% of Switzerland's land area should be dedicated to.
ch_0,There should be a ban on single-use plastic and non-recyclable plastics.,It is a ban on single-use plastic and non-recyclable plastics that there should be.
ch_1,"There should be government measures to make the use of electronic devices more sustainable (e.g., right to repair, extension of warranty period, minimum guaranteed period for software updates).","It is government measures to make the use of electronic devices more sustainable (e.g., right to repair, extension of warranty period, minimum guaranteed period for software updates) that there should be."
ch_2,The Swiss mobile network should be equipped throughout the country with the latest technology (currently 5G standard).,It is the latest technology (currently 5G standard) that the Swiss mobile network should be equipped throughout the country with.
ch_4,"There should be a stronger regulation of the major Internet platforms (i.e., transparency rules on algorithms, increased liability for content, combating disinformation).","It is a stronger regulation of the major Internet platforms (i.e., transparency rules on algorithms, increased liability for content, combating disinformation) that there should be."
ch_5,"There should be a popular initiative aims to reduce television and radio fees (CHF 200 per household, exemption for businesses).","It is a popular initiative aims to reduce television and radio fees (CHF 200 per household, exemption for businesses) that there should be."
ch_7,It should be possible to hold a referendum on federal spending above a certain amount (optional financial referendum).,It is a referendum on federal spending above a certain amount (optional financial referendum) that it should be possible to hold.
ch_10,"The Federal Council should be allowed to authorize other states to re-export Swiss weapons in cases of a war of aggression in violation of international law (e.g., the attack on Ukraine).","It is other states that the Federal Council should be allowed to authorize to re-export Swiss weapons in cases of a war of aggression in violation of international law (e.g., the attack on Ukraine)."
ch_11,Automatic facial recognition should be banned in public spaces.,It is automatic facial recognition that should be banned in public spaces.
ch_13,There should be closer relations with the European Union (EU).,It is closer relations with the European Union (EU) that there should be.
ch_14,Switzerland should strive for a comprehensive free trade agreement (including agriculture) with the USA.,It is a comprehensive free trade agreement (including agriculture) with the USA that Switzerland should strive for.
ch_15,Companies should be obliged to ensure that their subsidiaries and suppliers operating abroad comply with social and environmental standards.,It is social and environmental standards that companies should be obliged to ensure that their subsidiaries and suppliers operating abroad comply with.
